202900041,"Panasonic NN-C994S Genius Prestige Convection Microwave Oven with Inverter Turbo Defrost and One-Touch Sensor Cooking, Stainless",,"Panasonic",;21047,"Sony VAIO Neoprene Notebook With AC Adapter Case - Black Finish - VGPAMC2","Sony VAIO Neoprene Notebook With AC Adapter Case - VGPAMC2/ Helps Protect Your Notebook From Scratches, Spills And Dings/ Neoprene Offers Durable, Water-Resistant Protection/ Fits 17' Widescreen Notebooks",$24.00;no
10333368,"Kensington Orbit Optical Trackball - USB w/PS2 Adapter - 64327","Optical - USB, PS/2","Kensington",;32034,"Kensington Orbit Optical Trackball Mouse - 64327","Kensington Orbit Optical Trackball Mouse - 64327/ DiamondEye Optical Technology For Precise Tracking And Cursor Control/ USB And PS/2 Connectivity For Greater Compatibility/ Windows And Mac Compatible/ Metallic Silver And Black Finish",$38.00;yes
10316920,"LaCie Pocket Floppy Disk Drive - 706018","LaCie Pocket USB Floppy 1.44 MB","LACIE",;36260,"LaCie USB 2.0 Floppy Disk Drive - 706018","LaCie USB 2.0 Floppy Disk Drive - 706018/ Ultra-Thin Portable Design/ Compatible With Windows And Mac OS/ Plug And Play/ USB Powered/ 250 - 500 kbps Transfer Rate/ Silver Finish",$49.00;yes
201647442,"Kingdom Hearts II",,"SQUARE ENIX, LLC",$19.99;37496,"Nintendo DS Lite Onyx Black Portable Gaming System - NDSUSGSKB","Nintendo DS Lite Onyx Black Portable Gaming System - NDSUSGSKB/ Dual 3' TFT Color LCD Touchscreens/ Slimmer Design/ Dual Slot Compatibility (DS Lite/Game Boy Advance Game Paks)/ Twin Ultra Bright LCD Screens/ Up To 19 Hours Continuous Gameplay/ Nintendo Wi-Fi Connection/ Impressive 3D Graphics/ Dual Stereo Speakers/ Onyx Black Finish",$139.00;no
201692677,"Canon CLI-8C Ink Cartridge - 0621B002","Cyan","Canon",$13.99;20450,"Canon Color Ink Tank - CL41CL","Canon Color Ink Tank - CL41CL/ Compatible With The Pixma iP1600, MP170 Printers",$24.00;no
202916534,"Microsoft Office 2007 Home and Student - 79G-00007",,"Microsoft",$82.99;32017,"Microsoft Office Standard 2007 - 02107746","Microsoft Office Standard 2007 - 02107746/ Create Documents Faster, More Easily And More Intuitively/ Automatic Document Recovery Tool/ Document Inspector/ Online Tutorials With Step-By-Step Instructions/ Compatible With Windows Vista, Windows XP SP2 And Windows Server 2003 SP1",$399.00;no
201692679,"Canon CLI-8Y Ink Cartridge - 0623B002","Yellow","Canon",$13.99;20461,"Canon Yellow Ink Cartridge - Yellow - CLI8Y","Canon Yellow Ink Cartridge - CLI8Y/ Compatible With The Pixma iP4200, iP5200,  iP5200R, iP6600D, MP500, MP800 Printers",$16.00;yes
10333848,"Linksys EtherFast EF4124 Ethernet Switch","24 x 10/100Base-TX LAN","LINKSYS",$64.99;23686,"Linksys EtherFast 4124 24-Port Ethernet Switch - EF4124","Linksys EtherFast 4124 24-Port Ethernet Switch - EF4124/ 24 Autosensing 10/100 Full Duplex, Auto MDI/MDI-X Ports/ Up To 200Mbps/ Address Learning, Aging And Data Flow Control/ Compact Size",$119.00;yes
10363070,"Logitech Driving Force Pro for PlayStation 2 - 963293-0403",,"Logitech",;36207,"Logitech Driving Force Pro Steering Wheel With Pedals Set For Sony Playstation 2 - 9632930403","Logitech Driving Force Pro Steering Wheel With Pedals Set For Sony Playstation 2 - 9632930403/ Comfortable Soft Full Rubber Wheel/ Realistically Turn Through 2.5 Times Wheel Rotation/ 900 Degrees Of wheel Steering/ State-Of-The-Art Force Feedback Technology/ Stick Shifter/ Responsive Gas And Brake Pedals/ Black Finish",$129.00;yes
10373002,"Sony VAIO Notebook and AC Adapter Case - VGPAMC2","VAIO NEOPRENE NOTEBOOK & AC ADAPTER CASE UP TO 17 IN LCD","Sony",;21047,"Sony VAIO Neoprene Notebook With AC Adapter Case - Black Finish - VGPAMC2","Sony VAIO Neoprene Notebook With AC Adapter Case - VGPAMC2/ Helps Protect Your Notebook From Scratches, Spills And Dings/ Neoprene Offers Durable, Water-Resistant Protection/ Fits 17' Widescreen Notebooks",$24.00;yes
10376165,"D-Link Express EtherNetwork High-Speed DOCSIS 2.0 Cable Modem - DCM-202","D-Link Broadband Cable Modem","D-Link",;36258,"D-Link Broadband Cable Modem - DCM202","D-Link Broadband Cable Modem - DCM202/ DOCSIS 2.0 CableLabs Certified/ High-Speed Internet Connectivity/ Always On And Always Connected/ Ethernet Or USB Connectivity/ Front Panel LED Indicator Lights/ Grey Finish",$79.00;yes
10377226,"Sony Notebook and AC Adapter Cases - VGPAMC3","Clam Shell - Neoprene","Sony",$12.99;20448,"Sony VAIO Neoprene Laptop Carrying Case - Black Finish - VGPAMC3","Sony VAIO Neoprene Laptop Carrying Case - VGPAMC3/ Compatible With VAIO A Series 15' And FS Series 15.4' Widescreen Notebooks/ Helps Protect Your Notebook From Scratches, Spills And Dings/ Neoprene Offers Durable And Water-Resistant Protection",$22.00;yes
203921172,"Bose SL2 Wireless Surround Link",,"DEI",$249.00;18970,"Panasonic Genius Countertop Microwave In Black - NNH965BK","Panasonic Genius Countertop Microwave - NNH965BK/ 2.2 Cubic Foot/ Inverter Turbo Defrost/ Child Safety Lock/ Versatile Function Key/ Black Finish/",;no
203897877,"KitchenAid 5-Speed Blender - Red Finish - KSB560ER",,"KitchenAid",$106.98;23635,"Panasonic Network Camera - White Finish - BLC1A","Panasonic Network Camera - BLC1A/ Automatic Network Configuration/ Built-In Calendar Timer/ Auto Time Adjustment With NTP/ Up To 10x Digital Zoom/ Multi-Language Interface/ White Finish",$99.00;no
204053338,"Garmin Leather Carry Case for Nuvi 660 - 010-10823-01","Top Loading - Leather","Garmin",$9.28;21267,"Garmin Streetpilot C Series Vehicle Suction Mount - Black Finish - 0101060900","Garmin Streetpilot C Series Vehicle Suction Mount - 0101060900/ Dashboard Or Friction Mounting Options Are Recommended Except California/ 12/24 Volt Adapter",;no
203651765,"Monster Cable GameLink Component Video and Fiber Optic Digital Audio Cable for PlayStation 3 - 3 x RCA - Toslink - 10ft - PS3 CV/FO-10",,"Monster Cable",;32017,"Microsoft Office Standard 2007 - 02107746","Microsoft Office Standard 2007 - 02107746/ Create Documents Faster, More Easily And More Intuitively/ Automatic Document Recovery Tool/ Document Inspector/ Online Tutorials With Step-By-Step Instructions/ Compatible With Windows Vista, Windows XP SP2 And Windows Server 2003 SP1",$399.00;no
204080936,"Sanus Flat Panel Ceiling Mount - SC1A-B1","25 lb","Sanus",;22940,"Panasonic Plain Paper Fax/Copier With All-Digital Answering System - Silver Finish - KXFP145","Panasonic Plain Paper Fax/Copier With All-Digital Answering System - KXFP145/ Digital Duplex Speakerphone/ LCD Display/ Quick Scan/ Electronic Film Indicator/ Electronic Volume Control",;no
10388980,"Netgear ProSafe WG102 Wireless Access Point 802.11g - WG102NA","NETGEAR Prosafe 802.11g Wireless Access Point","Netgear",;32579,"Netgear Wireless Access Point - WG102","Netgear Wireless Access Point - WG102/ High-Speed IEEE 802.11g, Up To 108 Mbps In Turbo Mode/ Wi-Fi Protected Access (WPA 802.11i-Ready Security)/ Integrated IEEE 802.3af Power Over Ethernet (PoE)/ Block SSID Broadcast/ VPN Pass-Through Support",$186.00;yes
10412590,"Netgear RangeMax WPN802 Wireless Access Point - WPN802NA","108Mbps","Netgear",;22558,"Netgear RangeMax Wireless Access Point - White Finish - WPN802NA","Netgear RangeMax Wireless Access Point - WPN802NA/ Improves Performance Of Existing Legacy 802.11b And 802.11g Wireless Devices Up To 50 Percent/ Wired Equivalent Privacy (WEP) 64-Bit,128-Bit Encryption/ Wi-Fi Protected Access (WPA, Pre-Shared Key)",$130.00;yes
10412788,"Netgear ProSafe FS726TP 24 Port 10/100 Smart Switch - FS726TPNA","24 x 10/100Base-TX LAN, 2 x 10/100/1000Base-T","Netgear",;21175,"NetGear ProSafe 24 Port Smart Switch - FS726TP","NetGear ProSafe 24 Port Smart Switch - FS726TP/ Two Gigabit Ports Plus Easy Browser/ ProSafe Network Management Software/ Web Based Smart Management Features",$605.00;yes
201647442,"Kingdom Hearts II",,"SQUARE ENIX, LLC",$19.99;23296,"Kingdom Hearts II Video Game For The Sony PS2 - 662248904115","Kingdom Hearts II Video Game For The Sony PS2 - 662248904115/ Guide Sora And Friends In All-New locales Based On Disney Films/ Fight Alongside Classic Final Fantasy Characters As Well As Modern Disney Heroes/ Perform New Character-Specific Double Team Attacks While Battling Enemies/ Visit Beasts Castle, Port Royale, Pride Land, Agrabah, Halloween Town, And More/ Rated E For Everyone 10 And Older",;yes
201692648,"Canon CLI-8M Ink Cartridge - 0622B002","Magenta","Canon",$10.35;20454,"Canon Magenta Ink Tank - Magenta - CLI8M","Canon Magenta Ink Tank - CLI8M/ Compatible With The Pixma iP4200, iP5200, iP5200R, iP6600D, MP500, MP800 Printers",$16.00;yes
201692660,"Canon Ink Cartridge For PIXMA iP1600, iP6210D and iP6220D Printers - 0617B002","Color","Canon",$19.11;20450,"Canon Color Ink Tank - CL41CL","Canon Color Ink Tank - CL41CL/ Compatible With The Pixma iP1600, MP170 Printers",$24.00;yes
201692677,"Canon CLI-8C Ink Cartridge - 0621B002","Cyan","Canon",$13.99;20453,"Canon Cyan Ink Tank - Cyan - CLI8C","Canon Cyan Ink Tank - CLI8C/ Compatible With The Pixma iP4200, iP5200, iP5200R, iP6600D, MP500, MP800 Printers",$16.00;yes
201692695,"Canon Black Ink Cartridge - 0615B002","Black","Canon",;20466,"Canon Black Ink Cartridge - Black - PG40BK","Canon Black Ink Cartridge - PG40BK/ Compatible With The Pixma iP1600, MP170 Printers",$19.00;yes
201700823,"Netgear ProSafe FS116P Ethernet Switch - FS116PNA","16 x 10/100Base-TX LAN","Netgear",;21875,"Netgear ProSafe 16 Port 10/100 Desktop Switch - Purple Finish - FS116P","Netgear ProSafe 16 Port 10/100 Desktop Switch - FS116P/ 16 Auto Speed-Sensing 10/100 RJ-45 Ports/ 96 KB Embedded Memory Per Unit",$299.00;yes
201935116,"Logitech diNovo Media Desktop Laser - 967562-0403","Keyboard - Wireless - Mouse - Laser - Type A - USB - Receiver","Logitech",;32625,"Logitech diNovo Media Desktop Laser Keyboard And Mouse Combo - 967562","Logitech diNovo Media Desktop Laser Keyboard And Mouse Combo - 967562/ Unique Ultra-Flat Keyboard/ Detached Customizable MediaPad/ Precision Rechargeable Laser Mouse/ Tilt Wheel Plus Zoom/ Customizable Hotkeys/ Dedicated Search Buttons/ Bluetooth Wireless Technology Compatible/ Black And Gray Finish",$199.00;yes
201935171,"Logitech Cordless Desktop MX 5000 Laser - 967562-0403","Keyboard - Wireless - 104 Keys - Mouse - Laser - Type A - USB - Receiver","Logitech",;32625,"Logitech diNovo Media Desktop Laser Keyboard And Mouse Combo - 967562","Logitech diNovo Media Desktop Laser Keyboard And Mouse Combo - 967562/ Unique Ultra-Flat Keyboard/ Detached Customizable MediaPad/ Precision Rechargeable Laser Mouse/ Tilt Wheel Plus Zoom/ Customizable Hotkeys/ Dedicated Search Buttons/ Bluetooth Wireless Technology Compatible/ Black And Gray Finish",$199.00;yes
201953026,"Canon CL-51 High Capacity Color Ink Cartridge For PIXMA MP450, PIXMA iP6210D and PIXMA iP6220D Printers - 0618B002","Color","Canon",;22100,"Canon High Capacity Color Ink Cartridge - Color Ink - CL51","Canon High Capacity Color Ink Cartridge - CL51/ Compatible With Pixma iP6210D, iP6220D, MP150, MP170 And MP450 Printers",$35.00;yes
201953039,"Canon CL-52 Photo Ink Cartridge For PIXMA iP6210D and PIXMA iP6220D Printers - 0619B002","Color","Canon",$18.16;22101,"Canon Photo Ink Cartridge - CL52","Canon Photo Ink Cartridge - CL52/ Compatible With Pixma iP6210D And iP6220D Printers",$25.00;yes
202003159,"Belkin Hi-Speed USB 2.0 7-Port Hub - F5U237-APL-S","USB 2.0 7-PORT HUB/APPLE #TB857LL/A","Belkin",;32546,"Belkin Hi-Speed USB 2.0 7-Port Hub - F5U237APLS","Belkin Hi-Speed USB 2.0 7-Port Hub - F5U237APLS/ Transfers Data Up To 480Mbps/ Installs Easily With Plug-And-Play Convenience/ Works Seamlessly With All USB 1.1 And USB 2.0 Devices/ Over-Current Detection And Safety/ Mac And PC Compatible/ Silver Finish",$49.00;yes
202045862,"Panasonic NN-H965BF Microwave Oven - Counter Top - 2.2ft - 1250W - Black",,"Panasonic",;18970,"Panasonic Genius Countertop Microwave In Black - NNH965BK","Panasonic Genius Countertop Microwave - NNH965BK/ 2.2 Cubic Foot/ Inverter Turbo Defrost/ Child Safety Lock/ Versatile Function Key/ Black Finish/",;yes
202045875,"Panasonic NN-H965WF Luxury Full-Size 2-1/5-Cubic-Foot 1250-Watt Microwave Oven- White",,"Panasonic",;18516,"Panasonic Genius Countertop Microwave In White - NNH965WH","Panasonic Genius Countertop White Microwave - NNH965WH/ 2.2 Cubic Foot/ Inverter Turbo Defrost/ Child Safety Lock/ Versatile Function Key/ White Finish",;yes
202067544,"Nikon Speedlight SB-600 AF Flash Light - 4802","i-TTL, TTL, D-TTL, Manual - 65.6ft Range","Nikon",$189.72;18960,"Nikon AF Speedlight Accessory - SB600","Nikon AF Speedlight Accessory - SB600/ Versatile Remote Speedlight/ i-TTL Flash Control/ FV Lock (Flash Value Lock)/ Auto FP High Speed Sync Mode",;yes
202143942,"Sanus VCD/DVD Wall Mount - VMAVB",,"Sanus",;22798,"Sanus VMAV Black VisionMount Component Wall Shelf VMAVB In Black - VMAVB","Sanus VMAV Black VisionMount Component Wall Shelf - VMAVB/ Single Wall Mount Shelf For Audio-Video Component/ Metal V Arm/ Black Finish",$34.99;yes
202145734,"Logitech Harmony 890 Advanced Universal Remote - 966193-0403",,"Logitech",$248.90;22042,"Logitech Harmony 890 Advanced Universal Remote Control - H890","Logitech Harmony 890 Advanced Universal Remote Control - H890/ Quick And Simple Set Up/ Advanced Online Setup And Update Wizard/ Uses Both Radio Frequency (RF) And Infrared (IR) Wireless Signals/ Integrate Up To 15 Devices/ 8 On-Screen Activity Buttons/ Rechargeable Lithium Ion Battery And Charging Station Included/ Fully Backlit/ Comfort-Grip Shape",;yes
202238311,"Logitech Harmony 890 Advanced Universal Remote - HDTV, TV, DVD Player(s), Lighting, Audio System - 100 ft - Universal Remote - 966193-0403",,"Logitech",$335.11;22042,"Logitech Harmony 890 Advanced Universal Remote Control - H890","Logitech Harmony 890 Advanced Universal Remote Control - H890/ Quick And Simple Set Up/ Advanced Online Setup And Update Wizard/ Uses Both Radio Frequency (RF) And Infrared (IR) Wireless Signals/ Integrate Up To 15 Devices/ 8 On-Screen Activity Buttons/ Rechargeable Lithium Ion Battery And Charging Station Included/ Fully Backlit/ Comfort-Grip Shape",;yes
202456880,"Tivo AG0100 Wireless G USB Network Adapter",,"TiVo",;23006,"Tivo Wireless Adapter - AG0100","Tivo Wireless Adapter - AG0100/ For Use With A TiVo Series 2 Only/ Flip-Up Antenna/ Optimized Wireless Performance",;yes
202456903,"TiVo TCD649080 - Series2 Digital Video Recorder - Up to 80 Hours Capacity",,"TiVo",;23325,"TiVo Series2 Dual Tuner Digital Video Recorder - TCD649080","TiVo Series2 Dual Tuner Digital Video Recorder - TCD649080/ Up To 80-Hours Of Digital Recording Time/ Pause And Create Instant Replays Of Live TV/ Supports Recording From Cable And Satellite Sources Only/ USB Connectivity/ Remote Control/ TiVo Service Required And Sold Separately",;yes
201692677,"Canon CLI-8C Ink Cartridge - 0621B002","Cyan","Canon",$13.99;36033,"Canon Black Leather Camera Case - 1588B001","Canon Black Leather Camera Case - 1588B001/ Compatible With Canon Digital ELPH Cameras/ Protects Your Camera From Dust And Scratches/ Wrist Strap For Easy Portability/ Black Finish",;no
201953039,"Canon CL-52 Photo Ink Cartridge For PIXMA iP6210D and PIXMA iP6220D Printers - 0619B002","Color","Canon",$18.16;20450,"Canon Color Ink Tank - CL41CL","Canon Color Ink Tank - CL41CL/ Compatible With The Pixma iP1600, MP170 Printers",$24.00;no
201953026,"Canon CL-51 High Capacity Color Ink Cartridge For PIXMA MP450, PIXMA iP6210D and PIXMA iP6220D Printers - 0618B002","Color","Canon",;22101,"Canon Photo Ink Cartridge - CL52","Canon Photo Ink Cartridge - CL52/ Compatible With Pixma iP6210D And iP6220D Printers",$25.00;no
201692695,"Canon Black Ink Cartridge - 0615B002","Black","Canon",;18970,"Panasonic Genius Countertop Microwave In Black - NNH965BK","Panasonic Genius Countertop Microwave - NNH965BK/ 2.2 Cubic Foot/ Inverter Turbo Defrost/ Child Safety Lock/ Versatile Function Key/ Black Finish/",;no
203131413,"LG Electronics 24' Washer/Dryer Combo: White",,"LG Electronics",;19672,"Sony 400-Disc DVD/SA-CD/CD Mega Changer - DVPCX995V","Sony 400-Disc DVD, SACD & CD Mega Changer - DVPCX995V/ Super Audio CD Playback/ DVD-RW/DVD-R/DVD+RW/DVD+R Playback/ 12 Bit Video DAC/ Dolby Digital And Dts/ Advanced SmoothScan Technology/ Instant Replay/ Back Ground Graphics/ Black Finish",;no
203111424,"Twin Tub DTT420 Washer (Top Loading, 10 Lbs.)",,"Danby",$312.04;21175,"NetGear ProSafe 24 Port Smart Switch - FS726TP","NetGear ProSafe 24 Port Smart Switch - FS726TP/ Two Gigabit Ports Plus Easy Browser/ ProSafe Network Management Software/ Web Based Smart Management Features",$605.00;no
203165922,"Belkin CushTop - F8N044-GRN","- Green","Belkin",;32546,"Belkin Hi-Speed USB 2.0 7-Port Hub - F5U237APLS","Belkin Hi-Speed USB 2.0 7-Port Hub - F5U237APLS/ Transfers Data Up To 480Mbps/ Installs Easily With Plug-And-Play Convenience/ Works Seamlessly With All USB 1.1 And USB 2.0 Devices/ Over-Current Detection And Safety/ Mac And PC Compatible/ Silver Finish",$49.00;no
203407043,"PlayStation 3 ChargeLink USB Charging Cable by Nyko - 83000",,"Nyko",;37496,"Nintendo DS Lite Onyx Black Portable Gaming System - NDSUSGSKB","Nintendo DS Lite Onyx Black Portable Gaming System - NDSUSGSKB/ Dual 3' TFT Color LCD Touchscreens/ Slimmer Design/ Dual Slot Compatibility (DS Lite/Game Boy Advance Game Paks)/ Twin Ultra Bright LCD Screens/ Up To 19 Hours Continuous Gameplay/ Nintendo Wi-Fi Connection/ Impressive 3D Graphics/ Dual Stereo Speakers/ Onyx Black Finish",$139.00;no
204049534,"OmniMount Wishbone Large/X-Large Premium Cantilever Mount and Universal Adapter - UCL-XB","200 lb","OMNIMOUNT SYSTEMS, INC",$292.92;19204,"OmniMount G-303 Gray Stellar Series Audio Tower - G303GR","OmniMount G-303 Gray Stellar Series Audio Tower - G303GR/ Supports Tabletop Flat Panels/ Three Floating Shelf Design/ Integrated Cable Management/ Gray Finish",;no
203324970,"Sirius SUPH1 Sirius Universal Home Kit","Sirius Satellite Radio Receiver","Sirius",$44.99;22798,"Sanus VMAV Black VisionMount Component Wall Shelf VMAVB In Black - VMAVB","Sanus VMAV Black VisionMount Component Wall Shelf - VMAVB/ Single Wall Mount Shelf For Audio-Video Component/ Metal V Arm/ Black Finish",$34.99;no
203379250,"LG Electronics WM0642HW Front Load Washing Machine with 7 Washing Programs",,"LG Electronics",;23965,"Panasonic All-in-One Flatbed Laser Fax - KXFLB801","Panasonic All-in-One Flatbed Laser Fax - KXFLB801/ High Speed Laser Printing/ Multi-Function USB/Parallel Interface Capabilities/ Up To 33.6 Kbps Data Transfer/ Flatbed Scanner/ OCR Software Package/ Caller ID Compatible",;no
202973389,"Techcraft Veneto Series ABS32 TV Stand","Glass, Wood - Black","Techcraft",$150.13;23325,"TiVo Series2 Dual Tuner Digital Video Recorder - TCD649080","TiVo Series2 Dual Tuner Digital Video Recorder - TCD649080/ Up To 80-Hours Of Digital Recording Time/ Pause And Create Instant Replays Of Live TV/ Supports Recording From Cable And Satellite Sources Only/ USB Connectivity/ Remote Control/ TiVo Service Required And Sold Separately",;no
203131412,"LG Electronics 24' Front-Load All-In-One Washer and Dryer: Titanium",,"LG Electronics",;18516,"Panasonic Genius Countertop Microwave In White - NNH965WH","Panasonic Genius Countertop White Microwave - NNH965WH/ 2.2 Cubic Foot/ Inverter Turbo Defrost/ Child Safety Lock/ Versatile Function Key/ White Finish",;no
202900030,"Panasonic KX-TS3282W Corded Telephone","2 x Phone Line(s) - Headset - White","Panasonic",;18516,"Panasonic Genius Countertop Microwave In White - NNH965WH","Panasonic Genius Countertop White Microwave - NNH965WH/ 2.2 Cubic Foot/ Inverter Turbo Defrost/ Child Safety Lock/ Versatile Function Key/ White Finish",;no
202973396,"Techcraft Veneto Series SWP48 TV Stand","Wood, Glass - Brown","Techcraft",$299.00;32405,"Transcend JetFlash V10 8GB USB Flash Drive - TS8GJFV10","Transcend JetFlash V10 8GB USB Flash Drive - TS8GJFV10/ Hi-Speed USB 2.0/ Capless Sliding Design Protects The Connector/ Easy Plug And Play Installation/ AES Encryption/ DataBackup Function/ Keychain Hook And Neck Strap/ Black Finish",;no
203025174,"Cordless Solo S2 Radar/Laser Detector - 010ES20A",,"Escort",$279.99;23651,"Pioneer 6.5' 2-Way Marine White Speakers - TSMR1640","Pioneer 6.5' 2-Way Marine Speakers - TSMR1640/ 160 Watts Maximum Power Handling (30 Watts Nominal)/ 1-1/8' Poly-Ether Imide Dome Tweeter With Magnetic Fluid And Equalizer/ Tinsel Lead Wire And Terminals Are Gold-Plated For Extra Protection",$120.00;no
203024425,"Denon DP-29F Analog Record Turntable - DP29F","Belt Drive","Denon",;20450,"Canon Color Ink Tank - CL41CL","Canon Color Ink Tank - CL41CL/ Compatible With The Pixma iP1600, MP170 Printers",$24.00;no
203087319,"GE Pre-Amplifier for Stereo Turntable - 23292",,"GE",$23.72;32431,"Peerless 42' - 71'  Articulating Flat Panel TV Silver Dual Wall Arm Mount - PLAV70UNLPS","Peerless 42' - 71'  Articulating Flat Panel TV Silver Dual Wall Arm Mount - PLAV70UNLPS/ Anti-Lockout Feature Prevents Joint Binding/ Vertical Adjustment/ Snap-Cover Cord Management And Mesh Cord Sheaths/ 200 Lbs Load Capacity/ Silver Finish",;no
203111113,"Cuisinart Cordless Automatic Electric Kettle",,"Cuisinart",$69.95;22242,"Cuisinart Programmable Coffeemaker - Stainless Steel Finish - DCC2000","Cuisinart 12-Cup Programmable Coffeemaker - DCC2000/ Fully Programmable/ Removable Coffee Reservoir/ Easy-To-Read Coffee Gauge/ Visible Water Level Indicator/ Removable Drip Tray/ Charcoal Water Filter/ Stainless Steel Finish",$100.00;no
203142471,"DIRECTDECK UNIVERSAL CASSETTE ADAPTER FOR MP3 PLAYERS - 7256-DDECK",,"Griffin",;23537,"Universal RF Series MasterControl Remote Control - RF20","Universal RF Series MasterControl Remote Control ? RF20/ Control Up To 10 Components/ 432 MacroPower Buttons/ Customizable LCD Screen/ Pre-Programmed Codes/ Learning Capable/ SimpleSound/ Fully Backlit Keypad/ DVD Guide",$79.99;no
203111433,"KitchenAid Pasta Roller And Cutter - KPRA",,"KitchenAid",;20461,"Canon Yellow Ink Cartridge - Yellow - CLI8Y","Canon Yellow Ink Cartridge - CLI8Y/ Compatible With The Pixma iP4200, iP5200,  iP5200R, iP6600D, MP500, MP800 Printers",$16.00;no
203199121,"Hoover EmPower U5269-900 Vacuum (Upright, HEPA, Bagless)",,"Hoover",;30389,"Apple Mini-DVI To DVI Adapter - M9321GB","Apple Mini-DVI To DVI Adapter - M9321GB/ Compatible With iMac (Intel Core Duo), MacBook And 12' PowerBook G4/ Connects To An External DVI Monitor Or Projector/ White Finish",$19.00;no
204071217,"TOMTOM GPS Receiver Accessory Kit - 9N00.101","TomTom Windshield Mount and USB Car Charger","Tom Tom",$35.64;33532,"TomTom GPS Mount And USB Car Charger - 9N00101","TomTom GPS Mount And USB Car Charger - 9N00101/ Extra Holder And Car Charger Convenient For Multi-Vehicles User/ No Need To Transfer Holder From One Car To Another/ Easy Installation/ Compatible With TomTom ONE/ Black Finish",$39.00;yes
203938179,"Transcend 8GB JetFlash V10 USB Flash Drive - TS8GJFV10",,"TRANSCEND INFORMATION",$14.50;32405,"Transcend JetFlash V10 8GB USB Flash Drive - TS8GJFV10","Transcend JetFlash V10 8GB USB Flash Drive - TS8GJFV10/ Hi-Speed USB 2.0/ Capless Sliding Design Protects The Connector/ Easy Plug And Play Installation/ AES Encryption/ DataBackup Function/ Keychain Hook And Neck Strap/ Black Finish",;yes
203389382,"OmniMount 3-Shelf Large-Component Tower - STELLARG303G",,"OMNIMOUNT SYSTEMS, INC",;19204,"OmniMount G-303 Gray Stellar Series Audio Tower - G303GR","OmniMount G-303 Gray Stellar Series Audio Tower - G303GR/ Supports Tabletop Flat Panels/ Three Floating Shelf Design/ Integrated Cable Management/ Gray Finish",;yes
201647442,"Kingdom Hearts II",,"SQUARE ENIX, LLC",$19.99;32017,"Microsoft Office Standard 2007 - 02107746","Microsoft Office Standard 2007 - 02107746/ Create Documents Faster, More Easily And More Intuitively/ Automatic Document Recovery Tool/ Document Inspector/ Online Tutorials With Step-By-Step Instructions/ Compatible With Windows Vista, Windows XP SP2 And Windows Server 2003 SP1",$399.00;no
202778257,"Pioneer Nautica Marine Remote Control","Pioneer Electronics CD-MR80D Wired Marine Remote Control with Display","Pioneer",;23296,"Kingdom Hearts II Video Game For The Sony PS2 - 662248904115","Kingdom Hearts II Video Game For The Sony PS2 - 662248904115/ Guide Sora And Friends In All-New locales Based On Disney Films/ Fight Alongside Classic Final Fantasy Characters As Well As Modern Disney Heroes/ Perform New Character-Specific Double Team Attacks While Battling Enemies/ Visit Beasts Castle, Port Royale, Pride Land, Agrabah, Halloween Town, And More/ Rated E For Everyone 10 And Older",;no
202778257,"Pioneer Nautica Marine Remote Control","Pioneer Electronics CD-MR80D Wired Marine Remote Control with Display","Pioneer",;23651,"Pioneer 6.5' 2-Way Marine White Speakers - TSMR1640","Pioneer 6.5' 2-Way Marine Speakers - TSMR1640/ 160 Watts Maximum Power Handling (30 Watts Nominal)/ 1-1/8' Poly-Ether Imide Dome Tweeter With Magnetic Fluid And Equalizer/ Tinsel Lead Wire And Terminals Are Gold-Plated For Extra Protection",$120.00;no
202619749,"Weber Q 300 Gas Grill",,"Weber",;22727,"Weber Q 300 Liquid Propane Outdoor Grill - 426001","Weber Q 300 Liquid Propane Outdoor Grill - 426001/ Liquid Propane Fuel Type/ Two Burners For Direct And Indirect Cooking/ Thermometer Built Into The Lid/ Regulator Hose/ 12-Pound Turkey Capacity/ Cart Included/ Cast Aluminum Finish/ Assembly Required",$349.00;yes
202635467,"Sony Learning Remote Control - RMVL600","TV, DVD Player, VCR, CD Player, Satellite Receiver, DVR - 32.81 ft - Universal Remote","Sony",$19.99;23837,"Sony Learning Remote Control - Silver Finish - RMVL600","Sony Learning Remote Control - RMVL600/ One-Touch System Control (12 Macro Functions)/ Controls Up To 8 Components Seamlessly/ Pre-Programmed Codes Are Compatible With Most Brands",;yes
202635701,"Uniden TCX905 Cordless Handset - TCX905","Uniden TCX-905 Tru-Digital Expansion Handset With Caller ID","Uniden",;23097,"Uniden 5.8GHz Accessory Handset And Charger - TCX905","Uniden 5.8GHz Accessory Handset And Charger - TCX905/ Base Keypad/ Handset Speakerphone/ Caller ID/Call Waiting Deluxe/ DirectLink Technology/ Advanced Phonebook Features/ Trilingual Menu Displays",;yes
202778257,"Pioneer Nautica Marine Remote Control","Pioneer Electronics CD-MR80D Wired Marine Remote Control with Display","Pioneer",;19628,"Pioneer Wired Marine Remote Control Display - CDMR80D","Pioneer Wired Marine Remote Control Display - CDMR80D/ Compatible With Pioneer Headunits/ Satellite Radio Text Indications/ ATT (Volume Attenuator) Button",$149.00;yes
202784323,"Pioneer Nautica TS-MR1640 Marine Speaker - TS-MR1640","Pioneer Electronics TSMR1640 Nautica Series 6-1/2' Marine-Use 2-Way Speaker with 160 Watts Max. Power","Pioneer",;23651,"Pioneer 6.5' 2-Way Marine White Speakers - TSMR1640","Pioneer 6.5' 2-Way Marine Speakers - TSMR1640/ 160 Watts Maximum Power Handling (30 Watts Nominal)/ 1-1/8' Poly-Ether Imide Dome Tweeter With Magnetic Fluid And Equalizer/ Tinsel Lead Wire And Terminals Are Gold-Plated For Extra Protection",$120.00;yes
203474227,"Oregon Scientific Helmet Video Camera - ATC-2000",,"Oregon Scientific",$81.74;36969,"Oregon Scientific AT18 Wearable Waterproof Action Camcorder - ATC2000","Oregon Scientific AT18 Wearable Waterproof Action Camcorder - ATC2000/ Full-Function, Hands-Free, Digital Recording/ Waterproof Up To 3 Meters/ Shock-Resistant For Extreme Conditions/ Mounts Easily/ 640 X 480 VGA Resolution At 30 Frames Per Second/ USB And RCA Cables Included/ SD Card Expansion Up To 2GB",;yes
202812646,"Bose PMCII Remote Control","DVD Player, TV, VCR, Tuner, Amplifier, CD Player, Cable Box, Satellite Receiver, PVR (Personal Video Recorder) - 80 ft - DVD Player Remote","BOSE",$145.37;19631,"Bose Second Zone Remote - PMC2","Bose Second Zone Remote - PMC2/ Controls Lifestyle 38 Or 48 Media Center/ TV, VCR, Cable Box, Satellite Receiver/ Accesses Digitally Stored CDs In UMusic System",$149.00;yes
202813304,"Apple DVI to mini-DVI Video Cable Adapter - M9321GB","mini-DVI Male to 24-pin DVI-D (Digital) Male","Apple",$19.99;30389,"Apple Mini-DVI To DVI Adapter - M9321GB","Apple Mini-DVI To DVI Adapter - M9321GB/ Compatible With iMac (Intel Core Duo), MacBook And 12' PowerBook G4/ Connects To An External DVI Monitor Or Projector/ White Finish",$19.00;yes
202827677,"Peerless PLAV70-UNLP-S Articulating Dual-Arm with Vertical Adjustment - PLAV70 UNLPS","Steel - 200 lb","Peerless",$449.52;32431,"Peerless 42' - 71'  Articulating Flat Panel TV Silver Dual Wall Arm Mount - PLAV70UNLPS","Peerless 42' - 71'  Articulating Flat Panel TV Silver Dual Wall Arm Mount - PLAV70UNLPS/ Anti-Lockout Feature Prevents Joint Binding/ Vertical Adjustment/ Snap-Cover Cord Management And Mesh Cord Sheaths/ 200 Lbs Load Capacity/ Silver Finish",;yes
202861078,"Canon PSC-55 Deluxe Leather Camera Case - 1588B001","Top Loading - Leather - Black","Canon",$16.82;36033,"Canon Black Leather Camera Case - 1588B001","Canon Black Leather Camera Case - 1588B001/ Compatible With Canon Digital ELPH Cameras/ Protects Your Camera From Dust And Scratches/ Wrist Strap For Easy Portability/ Black Finish",;yes
202899626,"Linksys Wireless-N WRVS4400N Gigabit Security Router with VPN","4 x LAN","LINKSYS",;36305,"Linksys Wireless-N Security Router - WRVS4400N","Linksys Wireless-N Security Router - WRVS4400N/ 800 Mb/s NAT Throughput/ 11 Channels/ Draft 802.11n Wireless Networking Technology/ Full Backwards Compatibility For 802.11b & 802.11g/ Stateful Packet Inspection Firewall/ User Definable Access Control Lists/ SNMP v1 & v2c Support/ Silver Finish",;no
202899996,"Panasonic CGA-S007A/1B Lithium Ion Digital Camera Battery","Lithium Ion (Li-Ion) - 3.7V DC - Photo Battery","Panasonic",;24368,"Panasonic Digital Camera Battery - CGAS007A1B","Panasonic Digital Camera Battery - CGAS007A1B/ Lithium Ion Type/ For Digital Camera DMCTZ1 And DMCTZ3",;yes
202900002,"Panasonic BL-C1A Network Camera",,"Panasonic",;23635,"Panasonic Network Camera - White Finish - BLC1A","Panasonic Network Camera - BLC1A/ Automatic Network Configuration/ Built-In Calendar Timer/ Auto Time Adjustment With NTP/ Up To 10x Digital Zoom/ Multi-Language Interface/ White Finish",$99.00;yes
202916547,"Microsoft Office 2007 Standard - 021-07746",,"Microsoft",$319.99;32017,"Microsoft Office Standard 2007 - 02107746","Microsoft Office Standard 2007 - 02107746/ Create Documents Faster, More Easily And More Intuitively/ Automatic Document Recovery Tool/ Document Inspector/ Online Tutorials With Step-By-Step Instructions/ Compatible With Windows Vista, Windows XP SP2 And Windows Server 2003 SP1",$399.00;yes
202985950,"Nintendo DS Lite (Black Onyx) - USGSKB",,"Nintendo Of America",;37496,"Nintendo DS Lite Onyx Black Portable Gaming System - NDSUSGSKB","Nintendo DS Lite Onyx Black Portable Gaming System - NDSUSGSKB/ Dual 3' TFT Color LCD Touchscreens/ Slimmer Design/ Dual Slot Compatibility (DS Lite/Game Boy Advance Game Paks)/ Twin Ultra Bright LCD Screens/ Up To 19 Hours Continuous Gameplay/ Nintendo Wi-Fi Connection/ Impressive 3D Graphics/ Dual Stereo Speakers/ Onyx Black Finish",$139.00;yes
202989028,"Logitech QuickCam Communicate STX Webcam - Black, Charcoal - 961464-0403","CMOS - USB","Logitech",;32384,"Logitech QuickCam Communicate STX - 961464","Logitech QuickCam Communicate STX - 961464/ 640 x 480 Video Capture/ 1.3 Megapixel Still Image Capture/ Built-In Microphone With RightSound Technology/ 30 Frames Per Second/ Adjustable Base Fits Any Monitor Or Notebook/ USB 2.0 Certified",$49.00;yes
203022202,"Pioneer Car Audio Remote Control - CDVC1","Car Audio System - Car Audio Remote","Pioneer",$35.00;20534,"Pioneer Voice Command Pack - Black Finish - CDVC1","Pioneer Voice Command Pack - CDVC1/ Microphone And Steering Wheel Remote Control/ Use Your Voice To Control Navigation, Audio, And Video Functions/ Compatible With AVICN2 And AVICN1",$48.00;yes
203025446,"Kenwood KCA-IP500 iPod Interface/Controller - KCAIP500",,"Kenwood",$47.72;19604,"Kenwood iPod Mobile Interface - KCAIP500","Kenwood iPod Mobile Interface - KCAIP500/ Compatible With Most Kenwood Receivers/ Text Display, Multiple Search Mode/ Powers And Charges iPod",$49.99;yes
203069939,"Universal MasterControl Universal Learning Remote Control - RF20","Audio/Video, TV, VCR, DVD Player, CD Player, Cable Box, DVR, Audio System, Tape Deck, PC, Satellite Radio, iPod, Xbox 360, Lighting System - 50 ft, 100 ft - Universal Remote","UNIVERSAL REMOTE CONTROL, INC",;23537,"Universal RF Series MasterControl Remote Control - RF20","Universal RF Series MasterControl Remote Control ? RF20/ Control Up To 10 Components/ 432 MacroPower Buttons/ Customizable LCD Screen/ Pre-Programmed Codes/ Learning Capable/ SimpleSound/ Fully Backlit Keypad/ DVD Guide",$79.99;yes
203086405,"Garmin GPS Receiver Dash Mount - 010-10613-00",,"Garmin",;21268,"Garmin StreetPilot C330 Dash Mount - Black Finish - 0101061300","Garmin StreetPilot C330 Dash Mount - 0101061300/ Non-Skid Mount Design/ Fully Portable/ Includes 12/24 Volt Cigarette Lighter Adapter/ Black Finish",$57.00;yes
203142471,"DIRECTDECK UNIVERSAL CASSETTE ADAPTER FOR MP3 PLAYERS - 7256-DDECK",,"Griffin",;23097,"Uniden 5.8GHz Accessory Handset And Charger - TCX905","Uniden 5.8GHz Accessory Handset And Charger - TCX905/ Base Keypad/ Handset Speakerphone/ Caller ID/Call Waiting Deluxe/ DirectLink Technology/ Advanced Phonebook Features/ Trilingual Menu Displays",;no
201692648,"Canon CLI-8M Ink Cartridge - 0622B002","Magenta","Canon",$10.35;20466,"Canon Black Ink Cartridge - Black - PG40BK","Canon Black Ink Cartridge - PG40BK/ Compatible With The Pixma iP1600, MP170 Printers",$19.00;no
202900025,"Panasonic KX-FG2451 Plain Paper Thermal Transfer Fax/Copier - KX-FG2451","Panasonic Plain Paper Fax/Copier with 2.4GHz FHSS GigaRange Cordless Phone and Digital Answering System","Panasonic",;23635,"Panasonic Network Camera - White Finish - BLC1A","Panasonic Network Camera - BLC1A/ Automatic Network Configuration/ Built-In Calendar Timer/ Auto Time Adjustment With NTP/ Up To 10x Digital Zoom/ Multi-Language Interface/ White Finish",$99.00;no
202900041,"Panasonic NN-C994S Genius Prestige Convection Microwave Oven with Inverter Turbo Defrost and One-Touch Sensor Cooking, Stainless",,"Panasonic",;18970,"Panasonic Genius Countertop Microwave In Black - NNH965BK","Panasonic Genius Countertop Microwave - NNH965BK/ 2.2 Cubic Foot/ Inverter Turbo Defrost/ Child Safety Lock/ Versatile Function Key/ Black Finish/",;no
202900227,"Panasonic KX-TSC14W 2-Line Telephone","2 x Phone Line(s) - Headset - White","Panasonic",;23635,"Panasonic Network Camera - White Finish - BLC1A","Panasonic Network Camera - BLC1A/ Automatic Network Configuration/ Built-In Calendar Timer/ Auto Time Adjustment With NTP/ Up To 10x Digital Zoom/ Multi-Language Interface/ White Finish",$99.00;no
203021705,"Toshiba Lithium Ion Portable DVD Player Battery - MEDB05LX","Lithium Ion (Li-Ion) - 7.4V DC - Portable DVD Player Battery","Toshiba",$149.99;36207,"Logitech Driving Force Pro Steering Wheel With Pedals Set For Sony Playstation 2 - 9632930403","Logitech Driving Force Pro Steering Wheel With Pedals Set For Sony Playstation 2 - 9632930403/ Comfortable Soft Full Rubber Wheel/ Realistically Turn Through 2.5 Times Wheel Rotation/ 900 Degrees Of wheel Steering/ State-Of-The-Art Force Feedback Technology/ Stick Shifter/ Responsive Gas And Brake Pedals/ Black Finish",$129.00;no
203131413,"LG Electronics 24' Washer/Dryer Combo: White",,"LG Electronics",;38619,"LG Washer Dryer White Stacking Kit - WSTK1","LG Washer Dryer White Stacking Kit - WSTK1/ Stack Dryer On Top Of The Washer/ Free Up Much-Needed Space In The Laundry Room/ White Finish",;no
203136103,"LG Electronics LRBP1031W 10 Cu. Ft. Refrigerator",,"LG Electronics",;29861,"LG LSC21943ST Stainless Steel Side By Side Refrigerator - LSC21943SS","LG LSC21943ST Stainless Steel Side By Side Refrigerator - LSC21943SS/ 21.0 Cu. Ft. Capacity/ Digital LED Display/ SmoothTouch External Digital Temperature Controls/ 8 Digital Sensors/ OptiChill Drawer With 3 Temperature Settings/ IcePlus Accelerated Freezing Function/ Door Alarm/ LoDecibel Quiet Operation/ BioShield Anti-Bacterial Seal/ Stainless Steel Finish",;no
203136103,"LG Electronics LRBP1031W 10 Cu. Ft. Refrigerator",,"LG Electronics",;34860,"LG LDC22720ST 22 Cu. Ft. Smooth White Bottom Freezer Refrigerator - LDC22720SS","LG LDC22720ST 22 Cu. Ft. Stainless Steel Bottom Freezer Refrigerator - LDC22720SS/ 4 Split Tempered Glass Shelves/ Upfront Digital Temperature Controls/ 2 Clear Humidity Controlled Crispers/ Multi-Air Flow Cooling/ IcePlus Accelerated Freezing Function/ LoDecibel Quiet Operation/ BioShield Anti-Bacterial Door Seal/ Freezer Drawer/ Stainless Steel Finish",;no
203136103,"LG Electronics LRBP1031W 10 Cu. Ft. Refrigerator",,"LG Electronics",;34937,"LG LFC23760ST 22.6 Cu. Ft. Stainless Steel French Door Bottom Freezer Refrigerator - LFC23760SS","LG LFC23760ST 22.6 Cu. Ft. Stainless Steel French Door Bottom Freezer Refrigerator - LFC23760SS/ 4 Split Tempered Glass Shelves/ Upfront Digital Temperature Controls/ 2 OptiBin Clear Humidity Crispers/ Multi-Air Flow Cooling/ IcePlus Accelerated Freezing Function/ LoDecibel Quiet Operation/ BioShield Anti-Bacterial Door Seal/ Pull-Out Freezer Drawer/ Stainless Steel Finish",;no
203136103,"LG Electronics LRBP1031W 10 Cu. Ft. Refrigerator",,"LG Electronics",;34945,"LG LFC25770SW 25.0 Cu. Ft. Smooth White French Door Bottom Freezer Refrigerator - LFC25770WH","LG LFC25770SW 25.0 Cu. Ft. Smooth White French Door Bottom Freezer Refrigerator - LFC25770WH/ 4 Slide Out Tempered Glass Shelves/ Internal LED Touch Pad Digital Temperature Controls/ 2 Humidity Crispers/ 4 Compartment Crisper System/ Multi Air Flow Cooling/ IcePlus Accelerated Freezing Function/ LoDecibel Quiet Operation/ BioShield Anti Bacterial Door Seal/ Pull Out Freezer Drawer/ Smooth White Finish",;no
203136103,"LG Electronics LRBP1031W 10 Cu. Ft. Refrigerator",,"LG Electronics",;34946,"LG LFC25770SB 25.0 Cu. Ft. Smooth Black French Door Bottom Freezer Refrigerator - LFC25770BK","LG LFC25770SB 25.0 Cu. Ft. Smooth Black French Door Bottom Freezer Refrigerator - LFC25770BK/ 4 Slide Out Tempered Glass Shelves/ Internal LED Touch Pad Digital Temperature Controls/ 2 Humidity Crispers/ Multi Air Flow Cooling/ IcePlus Accelerated Freezing Function/ LoDecibel Quiet Operation/ BioShield Anti Bacterial Door Seal/ Pull Out Freezer Drawer/ Smooth Black Finish",;no
203136103,"LG Electronics LRBP1031W 10 Cu. Ft. Refrigerator",,"LG Electronics",;34947,"LG LFC25770ST 25.0 Cu. Ft. Stainless Steel French Door Bottom Freezer Refrigerator - LFC25770SS","LG LFC25770ST 25.0 Cu. Ft. Stainless Steel French Door Bottom Freezer Refrigerator - LFC25770SS/ 4 Slide Out Tempered Glass Shelves/ Internal LED Touch Pad Digital Temperature Controls/ 2 Humidity Crispers/ Multi-Air Flow Cooling/ IcePlus Accelerated Freezing Function/ LoDecibel Quiet Operation/ BioShield Anti-Bacterial Door Seal/ Pull-Out Freezer Drawer/ Stainless Steel Finish",;no
203136103,"LG Electronics LRBP1031W 10 Cu. Ft. Refrigerator",,"LG Electronics",;34948,"LG 25.0 Cu. Ft. Titanium French Door Bottom Freezer Refrigerator - LFC25770TT","LG 25.0 Cu. Ft. Titanium French Door Bottom Freezer Refrigerator - LFC25770TT/ 4 Slide Out Tempered Glass Shelves/ Internal LED Touch Pad Digital Temperature Controls/ 2 Humidity Crispers/ Multi-Air Flow Cooling/ IcePlus Accelerated Freezing Function/ LoDecibel Quiet Operation/ BioShield Anti-Bacterial Door Seal/ Pull-Out Freezer Drawer/ Titanium Finish",;no
203136103,"LG Electronics LRBP1031W 10 Cu. Ft. Refrigerator",,"LG Electronics",;34961,"LG LFX25971SW 24.7 Cu. Ft. Smooth White French Door Bottom Freezer Refrigerator - LFX25971WH","LG LFX25971SW 24.7 Cu. Ft. Smooth White French Door Bottom Freezer Refrigerator - LFX25971WH/ 3 Slide Out Tempered Glass Shelves/ Digital LED Display/ SmoothTouch Digital Temperature Controls/ 2 Humidity Crispers/ Multi-Air Flow Cooling/ IcePlus Accelerated Freezing Function/ LoDecibel Quiet Operation/ BioShield Anti-Bacterial Door Seal/ Pull-Out Freezer Drawer/ Smooth White Finish",;no
203136103,"LG Electronics LRBP1031W 10 Cu. Ft. Refrigerator",,"LG Electronics",;34962,"LG LFX25971SB 24.7 Cu. Ft. Smooth Black French Door Bottom Freezer Refrigerator - LFX25971BK","LG LFX25971SB 24.7 Cu. Ft. Smooth Black French Door Bottom Freezer Refrigerator - LFX25971BK/ 3 Slide Out Tempered Glass Shelves/ Digital LED Display/ SmoothTouch Digital Temperature Controls/ 2 Humidity Crispers/ Multi-Air Flow Cooling/ IcePlus Accelerated Freezing Function/ LoDecibel Quiet Operation/ BioShield Anti-Bacterial Door Seal/ Pull-Out Freezer Drawer/ Smooth Black Finish",;no
203136103,"LG Electronics LRBP1031W 10 Cu. Ft. Refrigerator",,"LG Electronics",;34963,"LG LFX25971ST 24.7 Cu. Ft. Stainless Steel French Door Bottom Freezer Refrigerator - LFX25971SS","LG LFX25971ST 24.7 Cu. Ft. Stainless Steel French Door Bottom Freezer Refrigerator - LFX25971SS/ 3 Slide Out Tempered Glass Shelves/ Digital LED Display/ SmoothTouch Digital Temperature Controls/ 2 Humidity Crispers/ Multi-Air Flow Cooling/ IcePlus Accelerated Freezing Function/ LoDecibel Quiet Operation/ BioShield Anti-Bacterial Door Seal/ Pull-Out Freezer Drawer/ Stainless Steel Finish",;no
203136103,"LG Electronics LRBP1031W 10 Cu. Ft. Refrigerator",,"LG Electronics",;35231,"LG LMX25981ST 24.7 Cu. Ft. Capacity Stainless Steel French Door Refrigerator - LMX25981SS","LG LMX25981ST 24.7 Cu. Ft. Capacity Stainless Steel French Door Refrigerator - LMX25981SS/ Double Freezer Drawers/ Tall Ice & Water Dispensing Center/ Sophisticated Design, Inside & Out/ 4 Compartment Crisper System/ LoDecibel Quiet Operation/ Contour Doors With Hidden Hinges/ Premium LED Interior Light/ Stainless Steel Finish",;no
203025423,"Kenwood KDC-C669 Car CD Changer - KDCC669","CD-RW - CD-Text","Kenwood",;21267,"Garmin Streetpilot C Series Vehicle Suction Mount - Black Finish - 0101060900","Garmin Streetpilot C Series Vehicle Suction Mount - 0101060900/ Dashboard Or Friction Mounting Options Are Recommended Except California/ 12/24 Volt Adapter",;no
10412788,"Netgear ProSafe FS726TP 24 Port 10/100 Smart Switch - FS726TPNA","24 x 10/100Base-TX LAN, 2 x 10/100/1000Base-T","Netgear",;32579,"Netgear Wireless Access Point - WG102","Netgear Wireless Access Point - WG102/ High-Speed IEEE 802.11g, Up To 108 Mbps In Turbo Mode/ Wi-Fi Protected Access (WPA 802.11i-Ready Security)/ Integrated IEEE 802.3af Power Over Ethernet (PoE)/ Block SSID Broadcast/ VPN Pass-Through Support",$186.00;no
10388980,"Netgear ProSafe WG102 Wireless Access Point 802.11g - WG102NA","NETGEAR Prosafe 802.11g Wireless Access Point","Netgear",;21175,"NetGear ProSafe 24 Port Smart Switch - FS726TP","NetGear ProSafe 24 Port Smart Switch - FS726TP/ Two Gigabit Ports Plus Easy Browser/ ProSafe Network Management Software/ Web Based Smart Management Features",$605.00;no
201935171,"Logitech Cordless Desktop MX 5000 Laser - 967562-0403","Keyboard - Wireless - 104 Keys - Mouse - Laser - Type A - USB - Receiver","Logitech",;21875,"Netgear ProSafe 16 Port 10/100 Desktop Switch - Purple Finish - FS116P","Netgear ProSafe 16 Port 10/100 Desktop Switch - FS116P/ 16 Auto Speed-Sensing 10/100 RJ-45 Ports/ 96 KB Embedded Memory Per Unit",$299.00;no
202456903,"TiVo TCD649080 - Series2 Digital Video Recorder - Up to 80 Hours Capacity",,"TiVo",;33532,"TomTom GPS Mount And USB Car Charger - 9N00101","TomTom GPS Mount And USB Car Charger - 9N00101/ Extra Holder And Car Charger Convenient For Multi-Vehicles User/ No Need To Transfer Holder From One Car To Another/ Easy Installation/ Compatible With TomTom ONE/ Black Finish",$39.00;no
202143942,"Sanus VCD/DVD Wall Mount - VMAVB",,"Sanus",;22242,"Cuisinart Programmable Coffeemaker - Stainless Steel Finish - DCC2000","Cuisinart 12-Cup Programmable Coffeemaker - DCC2000/ Fully Programmable/ Removable Coffee Reservoir/ Easy-To-Read Coffee Gauge/ Visible Water Level Indicator/ Removable Drip Tray/ Charcoal Water Filter/ Stainless Steel Finish",$100.00;no
10376165,"D-Link Express EtherNetwork High-Speed DOCSIS 2.0 Cable Modem - DCM-202","D-Link Broadband Cable Modem","D-Link",;37496,"Nintendo DS Lite Onyx Black Portable Gaming System - NDSUSGSKB","Nintendo DS Lite Onyx Black Portable Gaming System - NDSUSGSKB/ Dual 3' TFT Color LCD Touchscreens/ Slimmer Design/ Dual Slot Compatibility (DS Lite/Game Boy Advance Game Paks)/ Twin Ultra Bright LCD Screens/ Up To 19 Hours Continuous Gameplay/ Nintendo Wi-Fi Connection/ Impressive 3D Graphics/ Dual Stereo Speakers/ Onyx Black Finish",$139.00;no
201692677,"Canon CLI-8C Ink Cartridge - 0621B002","Cyan","Canon",$13.99;37496,"Nintendo DS Lite Onyx Black Portable Gaming System - NDSUSGSKB","Nintendo DS Lite Onyx Black Portable Gaming System - NDSUSGSKB/ Dual 3' TFT Color LCD Touchscreens/ Slimmer Design/ Dual Slot Compatibility (DS Lite/Game Boy Advance Game Paks)/ Twin Ultra Bright LCD Screens/ Up To 19 Hours Continuous Gameplay/ Nintendo Wi-Fi Connection/ Impressive 3D Graphics/ Dual Stereo Speakers/ Onyx Black Finish",$139.00;no
202900041,"Panasonic NN-C994S Genius Prestige Convection Microwave Oven with Inverter Turbo Defrost and One-Touch Sensor Cooking, Stainless",,"Panasonic",;37496,"Nintendo DS Lite Onyx Black Portable Gaming System - NDSUSGSKB","Nintendo DS Lite Onyx Black Portable Gaming System - NDSUSGSKB/ Dual 3' TFT Color LCD Touchscreens/ Slimmer Design/ Dual Slot Compatibility (DS Lite/Game Boy Advance Game Paks)/ Twin Ultra Bright LCD Screens/ Up To 19 Hours Continuous Gameplay/ Nintendo Wi-Fi Connection/ Impressive 3D Graphics/ Dual Stereo Speakers/ Onyx Black Finish",$139.00;no
203025423,"Kenwood KDC-C669 Car CD Changer - KDCC669","CD-RW - CD-Text","Kenwood",;20534,"Pioneer Voice Command Pack - Black Finish - CDVC1","Pioneer Voice Command Pack - CDVC1/ Microphone And Steering Wheel Remote Control/ Use Your Voice To Control Navigation, Audio, And Video Functions/ Compatible With AVICN2 And AVICN1",$48.00;no
202045875,"Panasonic NN-H965WF Luxury Full-Size 2-1/5-Cubic-Foot 1250-Watt Microwave Oven- White",,"Panasonic",;30389,"Apple Mini-DVI To DVI Adapter - M9321GB","Apple Mini-DVI To DVI Adapter - M9321GB/ Compatible With iMac (Intel Core Duo), MacBook And 12' PowerBook G4/ Connects To An External DVI Monitor Or Projector/ White Finish",$19.00;no
202973396,"Techcraft Veneto Series SWP48 TV Stand","Wood, Glass - Brown","Techcraft",$299.00;32384,"Logitech QuickCam Communicate STX - 961464","Logitech QuickCam Communicate STX - 961464/ 640 x 480 Video Capture/ 1.3 Megapixel Still Image Capture/ Built-In Microphone With RightSound Technology/ 30 Frames Per Second/ Adjustable Base Fits Any Monitor Or Notebook/ USB 2.0 Certified",$49.00;no
203021705,"Toshiba Lithium Ion Portable DVD Player Battery - MEDB05LX","Lithium Ion (Li-Ion) - 7.4V DC - Portable DVD Player Battery","Toshiba",$149.99;32405,"Transcend JetFlash V10 8GB USB Flash Drive - TS8GJFV10","Transcend JetFlash V10 8GB USB Flash Drive - TS8GJFV10/ Hi-Speed USB 2.0/ Capless Sliding Design Protects The Connector/ Easy Plug And Play Installation/ AES Encryption/ DataBackup Function/ Keychain Hook And Neck Strap/ Black Finish",;no
203150909,"DDW1805W 18-in. Portable Dishwasher (White, Energy Star)",,"Danby",$474.36;22242,"Cuisinart Programmable Coffeemaker - Stainless Steel Finish - DCC2000","Cuisinart 12-Cup Programmable Coffeemaker - DCC2000/ Fully Programmable/ Removable Coffee Reservoir/ Easy-To-Read Coffee Gauge/ Visible Water Level Indicator/ Removable Drip Tray/ Charcoal Water Filter/ Stainless Steel Finish",$100.00;no
204049780,"Nikon EN-EL9 Lithium Ion Digital Camera Battery Pack - 25353","Lithium Ion (Li-Ion) - 7.4V DC - Photo Battery","Nikon",$35.65;18960,"Nikon AF Speedlight Accessory - SB600","Nikon AF Speedlight Accessory - SB600/ Versatile Remote Speedlight/ i-TTL Flash Control/ FV Lock (Flash Value Lock)/ Auto FP High Speed Sync Mode",;no
204154429,"Coby Electronics TF-DVD7006 Portable DVD Player - TFDVD7006","Coby TF-DVD7006 7' Widescreen Portable DVD Player","Coby",$70.32;36258,"D-Link Broadband Cable Modem - DCM202","D-Link Broadband Cable Modem - DCM202/ DOCSIS 2.0 CableLabs Certified/ High-Speed Internet Connectivity/ Always On And Always Connected/ Ethernet Or USB Connectivity/ Front Panel LED Indicator Lights/ Grey Finish",$79.00;no
202145734,"Logitech Harmony 890 Advanced Universal Remote - 966193-0403",,"Logitech",$248.90;36258,"D-Link Broadband Cable Modem - DCM202","D-Link Broadband Cable Modem - DCM202/ DOCSIS 2.0 CableLabs Certified/ High-Speed Internet Connectivity/ Always On And Always Connected/ Ethernet Or USB Connectivity/ Front Panel LED Indicator Lights/ Grey Finish",$79.00;no
202238311,"Logitech Harmony 890 Advanced Universal Remote - HDTV, TV, DVD Player(s), Lighting, Audio System - 100 ft - Universal Remote - 966193-0403",,"Logitech",$335.11;36258,"D-Link Broadband Cable Modem - DCM202","D-Link Broadband Cable Modem - DCM202/ DOCSIS 2.0 CableLabs Certified/ High-Speed Internet Connectivity/ Always On And Always Connected/ Ethernet Or USB Connectivity/ Front Panel LED Indicator Lights/ Grey Finish",$79.00;no
203341506,"Olympus Slim Leather Case - 202087","Leather - Black","Olympus",$18.99;37496,"Nintendo DS Lite Onyx Black Portable Gaming System - NDSUSGSKB","Nintendo DS Lite Onyx Black Portable Gaming System - NDSUSGSKB/ Dual 3' TFT Color LCD Touchscreens/ Slimmer Design/ Dual Slot Compatibility (DS Lite/Game Boy Advance Game Paks)/ Twin Ultra Bright LCD Screens/ Up To 19 Hours Continuous Gameplay/ Nintendo Wi-Fi Connection/ Impressive 3D Graphics/ Dual Stereo Speakers/ Onyx Black Finish",$139.00;no
203341506,"Olympus Slim Leather Case - 202087","Leather - Black","Olympus",$18.99;32017,"Microsoft Office Standard 2007 - 02107746","Microsoft Office Standard 2007 - 02107746/ Create Documents Faster, More Easily And More Intuitively/ Automatic Document Recovery Tool/ Document Inspector/ Online Tutorials With Step-By-Step Instructions/ Compatible With Windows Vista, Windows XP SP2 And Windows Server 2003 SP1",$399.00;no
203308084,"Directed Electronics Sportster 4 Sirius Satellite Radio Receiver - SP4TK1","XS - FM Transmitter - 6 Lines LCD","Sirius",$169.99;23686,"Linksys EtherFast 4124 24-Port Ethernet Switch - EF4124","Linksys EtherFast 4124 24-Port Ethernet Switch - EF4124/ 24 Autosensing 10/100 Full Duplex, Auto MDI/MDI-X Ports/ Up To 200Mbps/ Address Learning, Aging And Data Flow Control/ Compact Size",$119.00;no
203142471,"DIRECTDECK UNIVERSAL CASSETTE ADAPTER FOR MP3 PLAYERS - 7256-DDECK",,"Griffin",;23537,"Universal RF Series MasterControl Remote Control - RF20","Universal RF Series MasterControl Remote Control ? RF20/ Control Up To 10 Components/ 432 MacroPower Buttons/ Customizable LCD Screen/ Pre-Programmed Codes/ Learning Capable/ SimpleSound/ Fully Backlit Keypad/ DVD Guide",$79.99;no